OMDB,movie,ttID
tt5074352,Dangal,/title/tt5074352/?ref_=adv_li_tt
tt2980648,The Hundred-Foot Journey,/title/tt2980648/?ref_=adv_li_tt
tt6527426,Zero,/title/tt6527426/?ref_=adv_li_tt
tt1954470,Gangs of Wasseypur,/title/tt1954470/?ref_=adv_li_tt
tt3224288,Beyond the Clouds,/title/tt3224288/?ref_=adv_li_tt
tt7180544,Mukkabaaz,/title/tt7180544/?ref_=adv_li_tt
tt4977530,Viceroy's House,/title/tt4977530/?ref_=adv_li_tt
tt1188996,My Name Is Khan,/title/tt1188996/?ref_=adv_li_tt
tt4849438,Baahubali 2: The Conclusion,/title/tt4849438/?ref_=adv_li_tt
tt2338151,PK,/title/tt2338151/?ref_=adv_li_tt
tt5997666,Jab Harry met Sejal,/title/tt5997666/?ref_=adv_li_tt
tt2631186,Baahubali: The Beginning,/title/tt2631186/?ref_=adv_li_tt
tt2350496,The Lunchbox,/title/tt2350496/?ref_=adv_li_tt
tt7363076,Raid,/title/tt7363076/?ref_=adv_li_tt
tt3702652,The Other Side of the Door,/title/tt3702652/?ref_=adv_li_tt
tt5842616,Veere Di Wedding,/title/tt5842616/?ref_=adv_li_tt
tt5571734,Pink,/title/tt5571734/?ref_=adv_li_tt
tt2049630,Unfreedom,/title/tt2049630/?ref_=adv_li_tt
tt7218518,Padman,/title/tt7218518/?ref_=adv_li_tt
tt3735246,Bajirao Mastani,/title/tt3735246/?ref_=adv_li_tt
tt2181831,Shahid,/title/tt2181831/?ref_=adv_li_tt
tt4387040,Airlift,/title/tt4387040/?ref_=adv_li_tt
tt1821480,Kahaani,/title/tt1821480/?ref_=adv_li_tt
tt2882328,Ugly,/title/tt2882328/?ref_=adv_li_tt
tt3148502,Tamasha,/title/tt3148502/?ref_=adv_li_tt
tt4832640,Sultan,/title/tt4832640/?ref_=adv_li_tt
tt2082197,Barfi!,/title/tt2082197/?ref_=adv_li_tt
tt5745450,Chef,/title/tt5745450/?ref_=adv_li_tt
tt1839596,Rockstar,/title/tt1839596/?ref_=adv_li_tt
tt4900716,Kapoor & Sons,/title/tt4900716/?ref_=adv_li_tt
tt3767372,Piku,/title/tt3767372/?ref_=adv_li_tt
tt1787988,Talaash,/title/tt1787988/?ref_=adv_li_tt
tt4535650,Dilwale,/title/tt4535650/?ref_=adv_li_tt
tt5472758,Happy Bhag Jayegi,/title/tt5472758/?ref_=adv_li_tt
tt1833673,Dhoom 3,/title/tt1833673/?ref_=adv_li_tt
tt2408040,B.A. Pass,/title/tt2408040/?ref_=adv_li_tt
tt1321869,Time Traveller,/title/tt1321869/?ref_=adv_li_tt
tt5474042,Half Girlfriend,/title/tt5474042/?ref_=adv_li_tt
tt5785170,Toilet - Ek Prem Katha,/title/tt5785170/?ref_=adv_li_tt
tt2461132,Happy New Year,/title/tt2461132/?ref_=adv_li_tt
tt5997928,Hotel Salvation,/title/tt5997928/?ref_=adv_li_tt
tt3410408,Rocky Handsome,/title/tt3410408/?ref_=adv_li_tt
tt2929690,Margarita with a Straw,/title/tt2929690/?ref_=adv_li_tt
tt2215477,Goliyon Ki Rasleela Ram-Leela,/title/tt2215477/?ref_=adv_li_tt
tt2198235,Monsoon Shootout,/title/tt2198235/?ref_=adv_li_tt
tt2178470,Yeh Jawaani Hai Deewani,/title/tt2178470/?ref_=adv_li_tt
tt1433810,Dhobi Ghat,/title/tt1433810/?ref_=adv_li_tt
tt4814290,Te3n,/title/tt4814290/?ref_=adv_li_tt
tt4110568,Dil Dhadakne Do,/title/tt4110568/?ref_=adv_li_tt
tt2112124,Chennai Express,/title/tt2112124/?ref_=adv_li_tt
tt5358948,One Night Stand,/title/tt5358948/?ref_=adv_li_tt
tt4169250,M.S. Dhoni: The Untold Story,/title/tt4169250/?ref_=adv_li_tt
tt4434004,Udta Punjab,/title/tt4434004/?ref_=adv_li_tt
tt4807830,Lipstick Under My Burkha,/title/tt4807830/?ref_=adv_li_tt
tt5713232,Madaari,/title/tt5713232/?ref_=adv_li_tt
tt6272828,Mubarakan,/title/tt6272828/?ref_=adv_li_tt
tt5121000,Aligarh,/title/tt5121000/?ref_=adv_li_tt
tt2226666,Jism 2,/title/tt2226666/?ref_=adv_li_tt
tt0315642,Wazir,/title/tt0315642/?ref_=adv_li_tt
tt5613834,A Gentleman,/title/tt5613834/?ref_=adv_li_tt
tt1608777,"LSD: Love, Sex Aur Dhokha",/title/tt1608777/?ref_=adv_li_tt
tt2356180,Bhaag Milkha Bhaag,/title/tt2356180/?ref_=adv_li_tt
tt2016894,Ek Tha Tiger,/title/tt2016894/?ref_=adv_li_tt
tt1806913,Golmaal Again,/title/tt1806913/?ref_=adv_li_tt
tt5882970,Tubelight,/title/tt5882970/?ref_=adv_li_tt
tt4906960,Baadshaho,/title/tt4906960/?ref_=adv_li_tt
tt3848892,Baby,/title/tt3848892/?ref_=adv_li_tt
tt1562871,Ra.One,/title/tt1562871/?ref_=adv_li_tt
tt6275262,Vodka Diaries,/title/tt6275262/?ref_=adv_li_tt
tt2181931,English Vinglish,/title/tt2181931/?ref_=adv_li_tt
tt4399594,Fitoor,/title/tt4399594/?ref_=adv_li_tt
tt5638500,1920 London,/title/tt5638500/?ref_=adv_li_tt
tt7262178,Veerey Ki Wedding,/title/tt7262178/?ref_=adv_li_tt
tt5465370,Naam Hai Akira,/title/tt5465370/?ref_=adv_li_tt
tt5477608,Kahaani 2,/title/tt5477608/?ref_=adv_li_tt
tt5120640,Sarbjit,/title/tt5120640/?ref_=adv_li_tt
tt1183917,Teen Patti,/title/tt1183917/?ref_=adv_li_tt
tt2614722,Umrika,/title/tt2614722/?ref_=adv_li_tt
tt2377938,Special 26,/title/tt2377938/?ref_=adv_li_tt
tt1244093,Hisss,/title/tt1244093/?ref_=adv_li_tt
tt3717068,Court,/title/tt3717068/?ref_=adv_li_tt
tt1509732,Aisha,/title/tt1509732/?ref_=adv_li_tt
tt3019620,Titli,/title/tt3019620/?ref_=adv_li_tt
tt2905838,Bang Bang,/title/tt2905838/?ref_=adv_li_tt
tt3043252,Parched,/title/tt3043252/?ref_=adv_li_tt
tt8308780,3 Dev,/title/tt8308780/?ref_=adv_li_tt
tt2213054,Kai po che!,/title/tt2213054/?ref_=adv_li_tt
tt4552546,3 Storeys,/title/tt4552546/?ref_=adv_li_tt
tt2855648,Madras Cafe,/title/tt2855648/?ref_=adv_li_tt
tt2980794,Highway,/title/tt2980794/?ref_=adv_li_tt
tt1948150,Singham,/title/tt1948150/?ref_=adv_li_tt
tt2979920,Bombay Velvet,/title/tt2979920/?ref_=adv_li_tt
tt1954206,The Dirty Picture,/title/tt1954206/?ref_=adv_li_tt
tt4874298,Madly,/title/tt4874298/?ref_=adv_li_tt
tt6537508,Behen Hogi Teri,/title/tt6537508/?ref_=adv_li_tt
tt2150177,Bhaiyyaji Superhitt,/title/tt2150177/?ref_=adv_li_tt
tt1629376,7 Khoon Maaf,/title/tt1629376/?ref_=adv_li_tt
tt1572311,Tees Maar Khan,/title/tt1572311/?ref_=adv_li_tt
tt3771536,Shivaay,/title/tt3771536/?ref_=adv_li_tt
tt3859980,Mohenjo Daro,/title/tt3859980/?ref_=adv_li_tt
tt2372678,2 States,/title/tt2372678/?ref_=adv_li_tt
tt3175038,Ek Villain,/title/tt3175038/?ref_=adv_li_tt
tt2574698,Gunday,/title/tt2574698/?ref_=adv_li_tt
tt2359810,Raanjhanaa,/title/tt2359810/?ref_=adv_li_tt
tt8171022,Ishq Tera,/title/tt8171022/?ref_=adv_li_tt
tt5457772,Sarrainodu,/title/tt5457772/?ref_=adv_li_tt
tt3802576,Brothers,/title/tt3802576/?ref_=adv_li_tt
tt4272420,Kuch Kuch Locha Hai,/title/tt4272420/?ref_=adv_li_tt
tt6170954,Naam Shabana,/title/tt6170954/?ref_=adv_li_tt
tt2258337,Eega,/title/tt2258337/?ref_=adv_li_tt
tt1610452,Band Baaja Baaraat,/title/tt1610452/?ref_=adv_li_tt
tt3142232,Heropanti,/title/tt3142232/?ref_=adv_li_tt
tt1639426,Udaan,/title/tt1639426/?ref_=adv_li_tt
tt4744086,Ki & Ka,/title/tt4744086/?ref_=adv_li_tt
tt2372222,Kick,/title/tt2372222/?ref_=adv_li_tt
tt1985981,Desi Boyz,/title/tt1985981/?ref_=adv_li_tt
tt6986710,The Accidental Prime Minister,/title/tt6986710/?ref_=adv_li_tt
tt1708453,Aakrosh,/title/tt1708453/?ref_=adv_li_tt
tt4088588,Rainbow,/title/tt4088588/?ref_=adv_li_tt
tt1573072,Housefull,/title/tt1573072/?ref_=adv_li_tt
tt5310090,Saala Khadoos,/title/tt5310090/?ref_=adv_li_tt
tt1438298,Guzaarish,/title/tt1438298/?ref_=adv_li_tt
tt2476154,Grand Masti,/title/tt2476154/?ref_=adv_li_tt
tt4642936,Warrior Savitri,/title/tt4642936/?ref_=adv_li_tt
tt3678938,Humpty Sharma Ki Dulhania,/title/tt3678938/?ref_=adv_li_tt
tt1580704,That Girl in Yellow Boots,/title/tt1580704/?ref_=adv_li_tt
tt5472374,Meri Pyaari Bindu,/title/tt5472374/?ref_=adv_li_tt
tt7830722,Rashna:The Ray of Light,/title/tt7830722/?ref_=adv_li_tt
tt2343621,Liar's Dice,/title/tt2343621/?ref_=adv_li_tt
tt1773764,Ship of Theseus,/title/tt1773764/?ref_=adv_li_tt
tt3142688,Finding Fanny,/title/tt3142688/?ref_=adv_li_tt
tt2106537,Matru ki Bijlee ka Mandola,/title/tt2106537/?ref_=adv_li_tt
tt4979082,Jai Gangaajal,/title/tt4979082/?ref_=adv_li_tt
tt4559046,Housefull 3,/title/tt4559046/?ref_=adv_li_tt
tt2224317,Lootera,/title/tt2224317/?ref_=adv_li_tt
tt2424988,Gabbar is Back,/title/tt2424988/?ref_=adv_li_tt
tt3836958,Shamitabh,/title/tt3836958/?ref_=adv_li_tt
tt7607940,Namastey England,/title/tt7607940/?ref_=adv_li_tt
tt4007558,Shaandaar,/title/tt4007558/?ref_=adv_li_tt
tt7246718,Subedar Joginder Singh,/title/tt7246718/?ref_=adv_li_tt
tt2199711,Vishwaroopam,/title/tt2199711/?ref_=adv_li_tt
tt1373156,Karthik Calling Karthik,/title/tt1373156/?ref_=adv_li_tt
tt2762334,Main Tera Hero,/title/tt2762334/?ref_=adv_li_tt
tt4332114,Dolly Ki Doli,/title/tt4332114/?ref_=adv_li_tt
tt1992138,Force,/title/tt1992138/?ref_=adv_li_tt
tt2807410,Rudhramadevi,/title/tt2807410/?ref_=adv_li_tt
tt1694542,Tanu Weds Manu,/title/tt1694542/?ref_=adv_li_tt
tt1848771,Aarakshan,/title/tt1848771/?ref_=adv_li_tt
tt1785333,Chittagong,/title/tt1785333/?ref_=adv_li_tt
tt6440626,Mumbai Central,/title/tt6440626/?ref_=adv_li_tt
tt3483612,Hamari Adhuri Kahani,/title/tt3483612/?ref_=adv_li_tt
tt1188982,Jai Ho,/title/tt1188982/?ref_=adv_li_tt
tt1986040,Ishkq in Paris,/title/tt1986040/?ref_=adv_li_tt
tt2339505,Kochadaiiyaan,/title/tt2339505/?ref_=adv_li_tt
tt6711660,Babumoshai Bandookbaaz,/title/tt6711660/?ref_=adv_li_tt
tt2211173,Yevadu,/title/tt2211173/?ref_=adv_li_tt
tt6095994,Khoj,/title/tt6095994/?ref_=adv_li_tt
tt1729637,Bodyguard,/title/tt1729637/?ref_=adv_li_tt
tt5005684,Nil Battey Sannata,/title/tt5005684/?ref_=adv_li_tt
tt1291465,Raajneeti,/title/tt1291465/?ref_=adv_li_tt
tt3004774,Tigers,/title/tt3004774/?ref_=adv_li_tt
tt1602476,Badmaa$h Company,/title/tt1602476/?ref_=adv_li_tt
tt1753640,Crook: It's Good to Be Bad,/title/tt1753640/?ref_=adv_li_tt
tt2575290,Train Station,/title/tt2575290/?ref_=adv_li_tt
tt1428459,We Are Family,/title/tt1428459/?ref_=adv_li_tt
tt3645014,The Xpose,/title/tt3645014/?ref_=adv_li_tt
tt1947973,Bin Bulaye Baraati,/title/tt1947973/?ref_=adv_li_tt
tt1618430,Dum Maaro Dum,/title/tt1618430/?ref_=adv_li_tt
tt1772872,Game,/title/tt1772872/?ref_=adv_li_tt
tt1890513,Ragini MMS,/title/tt1890513/?ref_=adv_li_tt
tt3595298,Prem Ratan Dhan Payo,/title/tt3595298/?ref_=adv_li_tt
tt3449292,Manjhi: The Mountain Man,/title/tt3449292/?ref_=adv_li_tt
tt2633598,Rise of the Zombie,/title/tt2633598/?ref_=adv_li_tt
tt1627924,Mausam,/title/tt1627924/?ref_=adv_li_tt
tt1709731,Pairon Talle,/title/tt1709731/?ref_=adv_li_tt
tt2246724,Ghanchakkar,/title/tt2246724/?ref_=adv_li_tt
tt2126282,Ekk Deewana Tha,/title/tt2126282/?ref_=adv_li_tt
tt4688446,Shuddhi,/title/tt4688446/?ref_=adv_li_tt
tt5020726,Silvat,/title/tt5020726/?ref_=adv_li_tt
tt1600439,Shaapit: The Cursed,/title/tt1600439/?ref_=adv_li_tt
tt1233600,The Wishing Tree,/title/tt1233600/?ref_=adv_li_tt
tt5056470,Teraa Surroor,/title/tt5056470/?ref_=adv_li_tt
tt1754920,Yeh Saali Zindagi,/title/tt1754920/?ref_=adv_li_tt
tt8011712,The Past,/title/tt8011712/?ref_=adv_li_tt
tt2341766,Nautanki Saala!,/title/tt2341766/?ref_=adv_li_tt
tt0839742,Bhopal: A Prayer for Rain,/title/tt0839742/?ref_=adv_li_tt
tt1606267,Lafangey Parindey,/title/tt1606267/?ref_=adv_li_tt
tt1980986,Housefull 2,/title/tt1980986/?ref_=adv_li_tt
tt1667823,Bhindi Baazaar,/title/tt1667823/?ref_=adv_li_tt
tt6352548,Poster Boys,/title/tt6352548/?ref_=adv_li_tt
tt2361022,Deewana Main Deewana,/title/tt2361022/?ref_=adv_li_tt
tt4114302,Phir Se...,/title/tt4114302/?ref_=adv_li_tt
tt2385104,D-Day,/title/tt2385104/?ref_=adv_li_tt
tt3563156,Anjaan,/title/tt3563156/?ref_=adv_li_tt
tt4107858,MSG: The Messenger,/title/tt4107858/?ref_=adv_li_tt
tt1535467,Patiala House,/title/tt1535467/?ref_=adv_li_tt
tt4760750,Bezubaan Ishq,/title/tt4760750/?ref_=adv_li_tt
tt1625856,Badrinath,/title/tt1625856/?ref_=adv_li_tt
tt1395054,Once Upon a Time in Mumbaai,/title/tt1395054/?ref_=adv_li_tt
tt1918965,Murder 2,/title/tt1918965/?ref_=adv_li_tt
tt1671446,Aadhi Bhagavan,/title/tt1671446/?ref_=adv_li_tt
tt1830786,Rascals,/title/tt1830786/?ref_=adv_li_tt
tt7147540,Sui Dhaaga: Made in India,/title/tt7147540/?ref_=adv_li_tt
tt4596814,S/O Satyamurthy,/title/tt4596814/?ref_=adv_li_tt
tt4453214,Mrs. Scooter,/title/tt4453214/?ref_=adv_li_tt
tt6395306,Union Leader,/title/tt6395306/?ref_=adv_li_tt
tt1637691,Khelein Hum Jee Jaan Sey,/title/tt1637691/?ref_=adv_li_tt
tt2178508,Son of Sardaar,/title/tt2178508/?ref_=adv_li_tt
tt2308773,Ishaqzaade,/title/tt2308773/?ref_=adv_li_tt
tt1727496,Dil Toh Baccha Hai Ji,/title/tt1727496/?ref_=adv_li_tt
tt4024944,Main Aur Charles,/title/tt4024944/?ref_=adv_li_tt
tt2302416,In the Shadows,/title/tt2302416/?ref_=adv_li_tt
tt3514330,Youngistaan,/title/tt3514330/?ref_=adv_li_tt
tt2191721,Jodi Breakers,/title/tt2191721/?ref_=adv_li_tt
tt5782230,Sarabha,/title/tt5782230/?ref_=adv_li_tt
tt2229848,Chashme Baddoor,/title/tt2229848/?ref_=adv_li_tt
tt5569160,Mantostaan,/title/tt5569160/?ref_=adv_li_tt
tt2929840,Zindagi 50 50,/title/tt2929840/?ref_=adv_li_tt
tt3164774,Sniffer,/title/tt3164774/?ref_=adv_li_tt
tt5467702,1982 - A Love Marriage,/title/tt5467702/?ref_=adv_li_tt
tt1714832,Do Dooni Chaar,/title/tt1714832/?ref_=adv_li_tt
tt2358412,David,/title/tt2358412/?ref_=adv_li_tt
tt1629295,I Am,/title/tt1629295/?ref_=adv_li_tt
tt1703958,Ek Main Aur Ekk Tu,/title/tt1703958/?ref_=adv_li_tt
tt5513098,Autohead,/title/tt5513098/?ref_=adv_li_tt
tt1918927,Luv Ka the End,/title/tt1918927/?ref_=adv_li_tt
tt1781838,Isi Life Mein...!,/title/tt1781838/?ref_=adv_li_tt
tt5326230,Aadupuliyattam,/title/tt5326230/?ref_=adv_li_tt
tt2066062,Shortcut Romeo,/title/tt2066062/?ref_=adv_li_tt
tt2796318,Mickey Virus,/title/tt2796318/?ref_=adv_li_tt
tt2579680,100% Love,/title/tt2579680/?ref_=adv_li_tt
tt2077833,Rowdy Rathore,/title/tt2077833/?ref_=adv_li_tt
tt4651394,Wedding Pullav,/title/tt4651394/?ref_=adv_li_tt
tt7405336,KHATA-Kaash Humse Na Hoti,/title/tt7405336/?ref_=adv_li_tt
tt3334348,Heartless,/title/tt3334348/?ref_=adv_li_tt
tt3107246,Irandam Ulagam,/title/tt3107246/?ref_=adv_li_tt
tt4683366,Ghayal Once Again,/title/tt4683366/?ref_=adv_li_tt
tt1629737,Panchakshari,/title/tt1629737/?ref_=adv_li_tt
tt7613166,Dhh,/title/tt7613166/?ref_=adv_li_tt
tt1629241,Bumm Bumm Bole,/title/tt1629241/?ref_=adv_li_tt
tt2905768,Sahasam,/title/tt2905768/?ref_=adv_li_tt
tt1455811,Khatta Meetha,/title/tt1455811/?ref_=adv_li_tt
tt5755594,Hello Mumbai: Salaam Mumbai,/title/tt5755594/?ref_=adv_li_tt
tt4177040,Baankey Ki Crazy Baraat,/title/tt4177040/?ref_=adv_li_tt
tt5162476,6-5=2,/title/tt5162476/?ref_=adv_li_tt
tt2622130,Jayantabhai Ki Luv Story,/title/tt2622130/?ref_=adv_li_tt
tt3044882,Nasha,/title/tt3044882/?ref_=adv_li_tt
tt2337867,Choron Ki Baraat,/title/tt2337867/?ref_=adv_li_tt
tt2675978,Dedh Ishqiya,/title/tt2675978/?ref_=adv_li_tt
tt3422462,Bangistan,/title/tt3422462/?ref_=adv_li_tt
tt2122340,Ferrari Ki Sawaari,/title/tt2122340/?ref_=adv_li_tt
tt3531852,Bhoothnath Returns,/title/tt3531852/?ref_=adv_li_tt
tt2876408,Mr Joe B. Carvalho,/title/tt2876408/?ref_=adv_li_tt
tt7926824,When Obama Loved Osama,/title/tt7926824/?ref_=adv_li_tt
tt6016672,Mirza Juuliet,/title/tt6016672/?ref_=adv_li_tt
tt1562859,Golmaal 3,/title/tt1562859/?ref_=adv_li_tt
tt4338154,Hawaizaada,/title/tt4338154/?ref_=adv_li_tt
tt3590416,Global Baba,/title/tt3590416/?ref_=adv_li_tt
tt4788726,The Unsound,/title/tt4788726/?ref_=adv_li_tt
tt1492872,Hide & Seek,/title/tt1492872/?ref_=adv_li_tt
tt2073070,Saheb Biwi Aur Gangster,/title/tt2073070/?ref_=adv_li_tt
tt3483712,Raja Natwarlal,/title/tt3483712/?ref_=adv_li_tt
tt1395025,Agent Vinod,/title/tt1395025/?ref_=adv_li_tt
tt3469244,Phantom,/title/tt3469244/?ref_=adv_li_tt
tt2275802,Satyagraha,/title/tt2275802/?ref_=adv_li_tt
tt1309561,Lamhaa: The Untold Story of Kashmir,/title/tt1309561/?ref_=adv_li_tt
tt2395207,Feast of Varanasi,/title/tt2395207/?ref_=adv_li_tt
tt2857500,Saare Jahaan Se Mehnga...,/title/tt2857500/?ref_=adv_li_tt
tt1877691,Love Breakups Zindagi,/title/tt1877691/?ref_=adv_li_tt
tt6201292,Bairavaa,/title/tt6201292/?ref_=adv_li_tt
tt2389974,Aatma,/title/tt2389974/?ref_=adv_li_tt
tt2777548,Lateef,/title/tt2777548/?ref_=adv_li_tt
tt1807978,Bhoot and Friends,/title/tt1807978/?ref_=adv_li_tt
tt2215163,Issaq,/title/tt2215163/?ref_=adv_li_tt
tt4334260,San' 75 (Pachattar),/title/tt4334260/?ref_=adv_li_tt
tt2914056,Desi Magic,/title/tt2914056/?ref_=adv_li_tt
tt4287778,Shab,/title/tt4287778/?ref_=adv_li_tt
tt1667838,I Hate Luv Storys,/title/tt1667838/?ref_=adv_li_tt
tt2354407,Teri Meri Kahaani,/title/tt2354407/?ref_=adv_li_tt
tt4493550,Flat 211,/title/tt4493550/?ref_=adv_li_tt
tt3129282,War Chod Na Yaar,/title/tt3129282/?ref_=adv_li_tt
tt1890363,Buddha in a Traffic Jam,/title/tt1890363/?ref_=adv_li_tt
tt1773109,Yamla Pagla Deewana,/title/tt1773109/?ref_=adv_li_tt
tt2401719,Prague,/title/tt2401719/?ref_=adv_li_tt
tt3382148,Yaariyan,/title/tt3382148/?ref_=adv_li_tt
tt7791496,Yours Truly,/title/tt7791496/?ref_=adv_li_tt
tt2951576,One by Two,/title/tt2951576/?ref_=adv_li_tt
tt3531604,Gang of Ghosts,/title/tt3531604/?ref_=adv_li_tt
tt2357926,Ramaiya Vastavaiya,/title/tt2357926/?ref_=adv_li_tt
tt5756052,Jeena Isi Ka Naam Hai,/title/tt5756052/?ref_=adv_li_tt
tt1720254,Thank You,/title/tt1720254/?ref_=adv_li_tt
tt5784852,Tera Intezaar,/title/tt5784852/?ref_=adv_li_tt
tt2939912,Traffic,/title/tt2939912/?ref_=adv_li_tt
tt2679480,Sulemani Keeda,/title/tt2679480/?ref_=adv_li_tt
tt5182656,Khamosh Adalat Jaari Hai,/title/tt5182656/?ref_=adv_li_tt
tt1447508,Peepli (Live),/title/tt1447508/?ref_=adv_li_tt
tt2361148,Club 60,/title/tt2361148/?ref_=adv_li_tt
tt2317135,Tamanchey: Pyar Mein Dil Pe Maar De Goli,/title/tt2317135/?ref_=adv_li_tt
tt2848824,Bajatey Raho,/title/tt2848824/?ref_=adv_li_tt
tt3045946,Tara: The Journey of Love and Passion,/title/tt3045946/?ref_=adv_li_tt
tt4659548,Rebellious Flower,/title/tt4659548/?ref_=adv_li_tt
tt3776484,Zubaan,/title/tt3776484/?ref_=adv_li_tt
tt6642396,Jattu Engineer,/title/tt6642396/?ref_=adv_li_tt
tt1740092,Chitkabrey,/title/tt1740092/?ref_=adv_li_tt
tt1656171,Dam999,/title/tt1656171/?ref_=adv_li_tt
tt1725795,7 Aum Arivu,/title/tt1725795/?ref_=adv_li_tt
tt1388903,Mirch,/title/tt1388903/?ref_=adv_li_tt
tt1740670,Dus Tola,/title/tt1740670/?ref_=adv_li_tt
tt4826742,Chidiya,/title/tt4826742/?ref_=adv_li_tt
tt2130242,Tere Naal Love Ho Gaya,/title/tt2130242/?ref_=adv_li_tt
tt2389486,Mai,/title/tt2389486/?ref_=adv_li_tt
tt1285245,Lahore,/title/tt1285245/?ref_=adv_li_tt
tt3005850,Sooper Se Ooper,/title/tt3005850/?ref_=adv_li_tt
tt5460016,ISIS,/title/tt5460016/?ref_=adv_li_tt
tt6587216,Alex's Strip,/title/tt6587216/?ref_=adv_li_tt
tt5216810,Bollywood Diaries,/title/tt5216810/?ref_=adv_li_tt
tt3607198,Punjab 1984,/title/tt3607198/?ref_=adv_li_tt
tt2498312,Bachchan,/title/tt2498312/?ref_=adv_li_tt
tt3729994,The Perfect Girl,/title/tt3729994/?ref_=adv_li_tt
tt2871010,Sonali Cable,/title/tt2871010/?ref_=adv_li_tt
tt5573110,Yea Toh Two Much Ho Gayaa,/title/tt5573110/?ref_=adv_li_tt
tt4868958,Dulaara,/title/tt4868958/?ref_=adv_li_tt
tt2826126,Shree,/title/tt2826126/?ref_=adv_li_tt
tt1221142,Mumbai Cutting,/title/tt1221142/?ref_=adv_li_tt
tt7249874,LIE,/title/tt7249874/?ref_=adv_li_tt
tt2186933,Luv Shuv Tey Chicken Khurana,/title/tt2186933/?ref_=adv_li_tt
tt6582458,Baaraat Company,/title/tt6582458/?ref_=adv_li_tt
tt2177513,Chaloo Movie,/title/tt2177513/?ref_=adv_li_tt
tt5568866,Shaadi Abhi Baaki Hai,/title/tt5568866/?ref_=adv_li_tt
tt2932606,Siddharth,/title/tt2932606/?ref_=adv_li_tt
tt2292625,Chakravyuh,/title/tt2292625/?ref_=adv_li_tt
tt2976172,Sixteen,/title/tt2976172/?ref_=adv_li_tt
tt7856176,Shaadi Teri Bajayenge Hum Band,/title/tt7856176/?ref_=adv_li_tt
tt3398048,Tevar,/title/tt3398048/?ref_=adv_li_tt
tt2191641,Chaar Din Ki Chandni,/title/tt2191641/?ref_=adv_li_tt
tt6190346,Jannat E Milan,/title/tt6190346/?ref_=adv_li_tt
tt4643520,The Violin Player,/title/tt4643520/?ref_=adv_li_tt
tt7335264,Lagori,/title/tt7335264/?ref_=adv_li_tt
tt2224254,3 Bachelors,/title/tt2224254/?ref_=adv_li_tt
tt2184125,Chaalis Chauraasi,/title/tt2184125/?ref_=adv_li_tt
tt3720634,3 AM: A Paranormal Experience,/title/tt3720634/?ref_=adv_li_tt
tt1340778,I Am 24,/title/tt1340778/?ref_=adv_li_tt
tt1895476,Memories in March,/title/tt1895476/?ref_=adv_li_tt
tt3483596,O Teri,/title/tt3483596/?ref_=adv_li_tt
tt4853926,Guddu Ki Gun,/title/tt4853926/?ref_=adv_li_tt
tt2347289,Bittoo Boss,/title/tt2347289/?ref_=adv_li_tt
tt2356426,Le Halwa Le,/title/tt2356426/?ref_=adv_li_tt
tt1363363,Chatur Singh Two Star,/title/tt1363363/?ref_=adv_li_tt
tt6611040,Bhanwarey,/title/tt6611040/?ref_=adv_li_tt
tt2365873,Kevi Rite Jaish,/title/tt2365873/?ref_=adv_li_tt
tt1659205,Harud,/title/tt1659205/?ref_=adv_li_tt
tt5544662,Sweetiee Weds NRI,/title/tt5544662/?ref_=adv_li_tt
tt4594848,Luckhnowi Ishq,/title/tt4594848/?ref_=adv_li_tt
tt2354223,Mumbai's King,/title/tt2354223/?ref_=adv_li_tt
tt3056820,A Journey of Samyak Buddha,/title/tt3056820/?ref_=adv_li_tt
tt1918886,Joker,/title/tt1918886/?ref_=adv_li_tt
tt3465488,Karle Pyaar Karle,/title/tt3465488/?ref_=adv_li_tt
tt2571022,Yaan,/title/tt2571022/?ref_=adv_li_tt
tt1727535,Rakhta Charitra 2,/title/tt1727535/?ref_=adv_li_tt
tt1961530,Tell Me O Kkhuda,/title/tt1961530/?ref_=adv_li_tt
tt6149998,JULIET's X-TAPE,/title/tt6149998/?ref_=adv_li_tt
tt3483646,Bewakoofiyaan,/title/tt3483646/?ref_=adv_li_tt
tt7662314,I am Roshni,/title/tt7662314/?ref_=adv_li_tt
tt2448852,Yakshi Faithfully Yours,/title/tt2448852/?ref_=adv_li_tt
tt1695793,Love U... Mr. Kalakaar!,/title/tt1695793/?ref_=adv_li_tt
tt1292642,Allah Ke Banday,/title/tt1292642/?ref_=adv_li_tt
tt3353822,Chausar,/title/tt3353822/?ref_=adv_li_tt
tt2767712,Badlapur Boys,/title/tt2767712/?ref_=adv_li_tt
tt1867070,Teen Thay Bhai,/title/tt1867070/?ref_=adv_li_tt
tt1754202,Michael,/title/tt1754202/?ref_=adv_li_tt
tt1884268,Chalo Dilli,/title/tt1884268/?ref_=adv_li_tt
tt2438764,Rajjo,/title/tt2438764/?ref_=adv_li_tt
tt4695016,Thodi Thodi Si Manmaaniyan,/title/tt4695016/?ref_=adv_li_tt
tt1573482,Striker,/title/tt1573482/?ref_=adv_li_tt
tt3031896,Lakeer Ka Fakeer,/title/tt3031896/?ref_=adv_li_tt
tt5052972,Yaara Silly Silly,/title/tt5052972/?ref_=adv_li_tt
tt1363125,Naughty @ 40,/title/tt1363125/?ref_=adv_li_tt
tt5151622,Ranbanka,/title/tt5151622/?ref_=adv_li_tt
tt2137064,Lanka,/title/tt2137064/?ref_=adv_li_tt
tt6078194,Bhabhipedia,/title/tt6078194/?ref_=adv_li_tt
tt2978626,It's Entertainment,/title/tt2978626/?ref_=adv_li_tt
tt5180164,Mohan Rakesh's Adhe Adhure,/title/tt5180164/?ref_=adv_li_tt
tt5008256,Saanjh,/title/tt5008256/?ref_=adv_li_tt
tt2318401,Bandook,/title/tt2318401/?ref_=adv_li_tt
tt1279105,Ramaa: The Saviour,/title/tt1279105/?ref_=adv_li_tt
tt6978954,Pal Pal Dil Ke Paas,/title/tt6978954/?ref_=adv_li_tt
tt3153774,Gurudakshina,/title/tt3153774/?ref_=adv_li_tt
tt2378057,?: A Question Mark,/title/tt2378057/?ref_=adv_li_tt
tt3219554,DOA: Death of Amar,/title/tt3219554/?ref_=adv_li_tt
tt7628180,Chitrakut,/title/tt7628180/?ref_=adv_li_tt
tt7260848,Khajoor Pe Atke,/title/tt7260848/?ref_=adv_li_tt
tt1728239,Double Dhamaal,/title/tt1728239/?ref_=adv_li_tt
tt4588730,Chal Guru Ho Jaa Shuru,/title/tt4588730/?ref_=adv_li_tt
tt7071122,Jihad,/title/tt7071122/?ref_=adv_li_tt
tt3796006,ROAR: Tigers of the Sundarbans,/title/tt3796006/?ref_=adv_li_tt
tt3539966,Dishkiyaoon,/title/tt3539966/?ref_=adv_li_tt
tt2193145,Maharana Pratap: The First Freedom Fighter,/title/tt2193145/?ref_=adv_li_tt
tt1578116,Atithi Tum Kab Jaoge?,/title/tt1578116/?ref_=adv_li_tt
tt5950524,DNA of Love,/title/tt5950524/?ref_=adv_li_tt
tt8136908,Halkaa,/title/tt8136908/?ref_=adv_li_tt
tt3431714,Mastram,/title/tt3431714/?ref_=adv_li_tt
tt1696191,Tere Mere Phere,/title/tt1696191/?ref_=adv_li_tt
tt5994086,Dil Sala Sanki,/title/tt5994086/?ref_=adv_li_tt
tt1153700,Patang,/title/tt1153700/?ref_=adv_li_tt
tt7430998,Agam,/title/tt7430998/?ref_=adv_li_tt
tt1608768,City of Gold - Mumbai 1982: Ek Ankahee Kahani,/title/tt1608768/?ref_=adv_li_tt
tt2208248,Machhli Jal Ki Rani Hai,/title/tt2208248/?ref_=adv_li_tt
tt2633826,Mumbai Mirror,/title/tt2633826/?ref_=adv_li_tt
tt7647198,Love and Shukla,/title/tt7647198/?ref_=adv_li_tt
tt1124386,Pankh,/title/tt1124386/?ref_=adv_li_tt
tt2032530,Shabri,/title/tt2032530/?ref_=adv_li_tt
tt4340180,Direct Ishq,/title/tt4340180/?ref_=adv_li_tt
tt2009592,The Blueberry Hunt,/title/tt2009592/?ref_=adv_li_tt
tt5175168,Terror,/title/tt5175168/?ref_=adv_li_tt
tt4862824,Nath Ek Pratha,/title/tt4862824/?ref_=adv_li_tt
tt1946428,Hamara Tiranga,/title/tt1946428/?ref_=adv_li_tt
tt2224313,Listen... Amaya,/title/tt2224313/?ref_=adv_li_tt
tt2190820,Charlie Kay Chakkar Mein,/title/tt2190820/?ref_=adv_li_tt
tt7250834,The Last Tale of Kayenaat,/title/tt7250834/?ref_=adv_li_tt
tt2554042,Maazii,/title/tt2554042/?ref_=adv_li_tt
tt3095248,Kaafiron Ki Namaaz,/title/tt3095248/?ref_=adv_li_tt
tt7743400,Jhalki... Ek Aur Bachpan,/title/tt7743400/?ref_=adv_li_tt
tt2402131,Kismet Love Paisa Dilli,/title/tt2402131/?ref_=adv_li_tt
tt2327389,Life Ki Toh Lag Gayi,/title/tt2327389/?ref_=adv_li_tt
tt2510874,Yamla Pagla Deewana 2,/title/tt2510874/?ref_=adv_li_tt
tt2798620,Chhota Bheem and the Curse of Damyaan,/title/tt2798620/?ref_=adv_li_tt
tt7763956,Sabrang,/title/tt7763956/?ref_=adv_li_tt
tt5130348,Love Shagun,/title/tt5130348/?ref_=adv_li_tt
tt7371104,GRADE,/title/tt7371104/?ref_=adv_li_tt
tt4839000,Moods of Crime,/title/tt4839000/?ref_=adv_li_tt
tt7608618,Bloody Psycho,/title/tt7608618/?ref_=adv_li_tt
tt7720254,Jaane kyun de yaaron,/title/tt7720254/?ref_=adv_li_tt
tt2073098,The Bhai,/title/tt2073098/?ref_=adv_li_tt
tt7317342,Call for Fun,/title/tt7317342/?ref_=adv_li_tt
tt5280308,Downup the Exit 796,/title/tt5280308/?ref_=adv_li_tt
tt5359624,Crd,/title/tt5359624/?ref_=adv_li_tt
tt1183944,Sadiyaan: Boundaries Divide... Love Unites,/title/tt1183944/?ref_=adv_li_tt
tt5013008,Fraud Saiyyan,/title/tt5013008/?ref_=adv_li_tt
tt7346014,Raktdhar,/title/tt7346014/?ref_=adv_li_tt
tt5137020,Mungerilal B Tech,/title/tt5137020/?ref_=adv_li_tt
tt7323822,Kaash Tum Hote,/title/tt7323822/?ref_=adv_li_tt
tt2949654,Aasma,/title/tt2949654/?ref_=adv_li_tt
tt2612924,Lucky Kabootar,/title/tt2612924/?ref_=adv_li_tt
tt3640942,Koyelaanchal,/title/tt3640942/?ref_=adv_li_tt
tt3737442,Oraalppokkam,/title/tt3737442/?ref_=adv_li_tt
tt5947332,Cryptic Road,/title/tt5947332/?ref_=adv_li_tt
tt3766798,Wake Up India,/title/tt3766798/?ref_=adv_li_tt
tt8226508,Kottayam,/title/tt8226508/?ref_=adv_li_tt
tt3021244,Chaarfutiya Chhokare,/title/tt3021244/?ref_=adv_li_tt
tt5463608,J.D.,/title/tt5463608/?ref_=adv_li_tt
tt2802062,Ishqeria,/title/tt2802062/?ref_=adv_li_tt
tt1577050,Fired,/title/tt1577050/?ref_=adv_li_tt
tt0988655,A Flat,/title/tt0988655/?ref_=adv_li_tt
tt2591508,Surkhaab,/title/tt2591508/?ref_=adv_li_tt
tt4643782,Amdavad Junction,/title/tt4643782/?ref_=adv_li_tt
tt1368453,Chargesheet,/title/tt1368453/?ref_=adv_li_tt
tt7387538,Yaksh,/title/tt7387538/?ref_=adv_li_tt
tt2191164,Station,/title/tt2191164/?ref_=adv_li_tt
tt6651090,Bhangarh: The Last Episode,/title/tt6651090/?ref_=adv_li_tt
tt3959526,Dunno Y 2... Life Is a Moment,/title/tt3959526/?ref_=adv_li_tt
tt2337292,Chor chor super chor,/title/tt2337292/?ref_=adv_li_tt
tt2071418,Bezawada,/title/tt2071418/?ref_=adv_li_tt
tt2294685,Jeena Hai Toh Thok Daal,/title/tt2294685/?ref_=adv_li_tt
tt1948640,The Waiting Room,/title/tt1948640/?ref_=adv_li_tt
tt5980022,The Tape,/title/tt5980022/?ref_=adv_li_tt
tt1643242,Trapped in Tradition: Rivaaz,/title/tt1643242/?ref_=adv_li_tt
tt2907156,Paranthe Wali Gali,/title/tt2907156/?ref_=adv_li_tt
tt2549618,August 2,/title/tt2549618/?ref_=adv_li_tt
tt5950816,brina,/title/tt5950816/?ref_=adv_li_tt
tt4145848,Pyaar Vali Love Story,/title/tt4145848/?ref_=adv_li_tt
tt3255586,P Se PM Tak,/title/tt3255586/?ref_=adv_li_tt
tt4541102,Uvaa,/title/tt4541102/?ref_=adv_li_tt
tt1941638,Sadda Adda,/title/tt1941638/?ref_=adv_li_tt
tt6080232,Bole India Jai Bhim,/title/tt6080232/?ref_=adv_li_tt
tt2404187,Bloody Isshq,/title/tt2404187/?ref_=adv_li_tt
tt3426144,Babloo Happy Hai,/title/tt3426144/?ref_=adv_li_tt
tt8067016,Intercity,/title/tt8067016/?ref_=adv_li_tt
tt4554354,Hotel Beautifool,/title/tt4554354/?ref_=adv_li_tt
tt5760490,Fredrick,/title/tt5760490/?ref_=adv_li_tt
tt4232066,Once Again,/title/tt4232066/?ref_=adv_li_tt
tt3881136,Life Is Beautiful,/title/tt3881136/?ref_=adv_li_tt
tt0811613,Meridian Lines,/title/tt0811613/?ref_=adv_li_tt
tt7766238,Chirkut Chandan Ki Anokhi Prem Kahani,/title/tt7766238/?ref_=adv_li_tt
tt6506096,Buchcha,/title/tt6506096/?ref_=adv_li_tt
tt1657293,Kutty Pisasu,/title/tt1657293/?ref_=adv_li_tt
tt1725798,Be-Careful,/title/tt1725798/?ref_=adv_li_tt
tt2830226,Oonga,/title/tt2830226/?ref_=adv_li_tt
tt6363228,Part Time Job,/title/tt6363228/?ref_=adv_li_tt
tt7997334,Ek Kahani Julie Ki,/title/tt7997334/?ref_=adv_li_tt
tt4121522,Shuruaat Ka Interval,/title/tt4121522/?ref_=adv_li_tt
tt3056632,Manjunath,/title/tt3056632/?ref_=adv_li_tt
tt3267464,Kaphal: Wild Berries,/title/tt3267464/?ref_=adv_li_tt
tt2527256,My Cornerstone,/title/tt2527256/?ref_=adv_li_tt
tt2218228,The Bright Day,/title/tt2218228/?ref_=adv_li_tt
tt1649760,The Film Emotional Atyachar,/title/tt1649760/?ref_=adv_li_tt
tt2283894,Riyasat,/title/tt2283894/?ref_=adv_li_tt
tt2112978,Jo Hum Chahein,/title/tt2112978/?ref_=adv_li_tt
tt1754137,Little Terrors,/title/tt1754137/?ref_=adv_li_tt
tt2222716,Baat Bann Gayi,/title/tt2222716/?ref_=adv_li_tt
tt2253708,Future to Bright Hai Ji,/title/tt2253708/?ref_=adv_li_tt
tt6026722,The Buddhist Monk,/title/tt6026722/?ref_=adv_li_tt
tt7884788,Love in a Taxi,/title/tt7884788/?ref_=adv_li_tt
tt2207668,Chakradhaar,/title/tt2207668/?ref_=adv_li_tt
tt7769346,Ekkees Tareekh Shubh Muhurat,/title/tt7769346/?ref_=adv_li_tt
tt6081620,Life Ki Aisi Ki Taisi,/title/tt6081620/?ref_=adv_li_tt
tt1629424,Trump Card,/title/tt1629424/?ref_=adv_li_tt
tt5001454,Dream Lock,/title/tt5001454/?ref_=adv_li_tt
tt8032752,Painting Life,/title/tt8032752/?ref_=adv_li_tt
tt1594964,Chase,/title/tt1594964/?ref_=adv_li_tt
tt7725824,Taapmaan,/title/tt7725824/?ref_=adv_li_tt
tt5525846,Yeh Hai India,/title/tt5525846/?ref_=adv_li_tt
tt6094164,Idgah,/title/tt6094164/?ref_=adv_li_tt
tt3790250,Yeh Ishq Sarfira,/title/tt3790250/?ref_=adv_li_tt
tt4231836,Pocket Gangsters,/title/tt4231836/?ref_=adv_li_tt
tt7118514,Viraam,/title/tt7118514/?ref_=adv_li_tt
tt8096956,Secret of Selfie,/title/tt8096956/?ref_=adv_li_tt
tt2613766,Tere Ishq Nachaya,/title/tt2613766/?ref_=adv_li_tt
tt6851664,Romeo N Bullet,/title/tt6851664/?ref_=adv_li_tt
tt7060038,Maiya,/title/tt7060038/?ref_=adv_li_tt
tt1869759,The Train,/title/tt1869759/?ref_=adv_li_tt
tt7104898,Afghan: in Search of a Home,/title/tt7104898/?ref_=adv_li_tt
tt7282370,Who,/title/tt7282370/?ref_=adv_li_tt
tt1955036,"Twisted Trunk, Big Fat Body",/title/tt1955036/?ref_=adv_li_tt
tt2691010,Mumbai 125 KM 3D,/title/tt2691010/?ref_=adv_li_tt
tt5899800,Lagna Pahave Karun,/title/tt5899800/?ref_=adv_li_tt
tt5085386,Mahesh Dattani's Hasmukh Saab ki Wasihat,/title/tt5085386/?ref_=adv_li_tt
tt2306721,Second Marriage Dot Com,/title/tt2306721/?ref_=adv_li_tt
tt5963796,For Bindiya Call Jugnu,/title/tt5963796/?ref_=adv_li_tt
tt4620544,Robinhood Ke Pote,/title/tt4620544/?ref_=adv_li_tt
tt6672208,Railway Raju,/title/tt6672208/?ref_=adv_li_tt
tt5914630,Chudail Story,/title/tt5914630/?ref_=adv_li_tt
tt6855200,Perfect Plan,/title/tt6855200/?ref_=adv_li_tt
tt5351378,Good Morning Sunshine,/title/tt5351378/?ref_=adv_li_tt
tt7509426,The Crossings,/title/tt7509426/?ref_=adv_li_tt
tt4364998,Solid Patels,/title/tt4364998/?ref_=adv_li_tt
tt8029126,Lets Fly with My Paper Rocket,/title/tt8029126/?ref_=adv_li_tt
tt3526430,After the Third Bell,/title/tt3526430/?ref_=adv_li_tt
tt6154834,Lashtam Pashtam,/title/tt6154834/?ref_=adv_li_tt
tt3380190,Ek Tha Hero,/title/tt3380190/?ref_=adv_li_tt
tt4995402,Bumper Draw,/title/tt4995402/?ref_=adv_li_tt
tt2180283,Delinquent Dancers,/title/tt2180283/?ref_=adv_li_tt
tt2014409,Zara sambhal ke,/title/tt2014409/?ref_=adv_li_tt
tt7182050,Bhaag Bawre Aandhi Aayi,/title/tt7182050/?ref_=adv_li_tt
tt4309284,The Silent Heroes,/title/tt4309284/?ref_=adv_li_tt
tt7127992,The Dream Job,/title/tt7127992/?ref_=adv_li_tt
tt5216794,Lakme,/title/tt5216794/?ref_=adv_li_tt
tt1867064,Strings of Passion,/title/tt1867064/?ref_=adv_li_tt
tt4714202,Ramad,/title/tt4714202/?ref_=adv_li_tt
tt8259696,Silence of Sleep,/title/tt8259696/?ref_=adv_li_tt
tt2332570,The Lost Tape,/title/tt2332570/?ref_=adv_li_tt
tt3729924,Black Home,/title/tt3729924/?ref_=adv_li_tt
tt7688918,Dream Zindagi,/title/tt7688918/?ref_=adv_li_tt
tt2198132,Rangdari,/title/tt2198132/?ref_=adv_li_tt
tt7198366,Gol Gattam,/title/tt7198366/?ref_=adv_li_tt
tt2112335,Who's There?,/title/tt2112335/?ref_=adv_li_tt
tt1679290,Shuttlecock Boys,/title/tt1679290/?ref_=adv_li_tt
tt1674757,Veettilekkulla Vazhi,/title/tt1674757/?ref_=adv_li_tt
tt1506994,Woman from the East,/title/tt1506994/?ref_=adv_li_tt
tt1921071,Queens! Destiny of Dance,/title/tt1921071/?ref_=adv_li_tt
tt1740017,Payback,/title/tt1740017/?ref_=adv_li_tt
tt1773774,The Untitled Kartik Krishnan Project,/title/tt1773774/?ref_=adv_li_tt
tt7152802,Horror Night,/title/tt7152802/?ref_=adv_li_tt
tt5780570,A Scandall,/title/tt5780570/?ref_=adv_li_tt
tt4930160,I Am Mr Mother,/title/tt4930160/?ref_=adv_li_tt
tt5958182,Sunday Night,/title/tt5958182/?ref_=adv_li_tt
tt2872050,Jai Jawaan Jai Kisaan,/title/tt2872050/?ref_=adv_li_tt
tt1607600,Muskurake Dekh Zara,/title/tt1607600/?ref_=adv_li_tt
tt2332705,Love Recipe,/title/tt2332705/?ref_=adv_li_tt
tt1662540,Pratisaad: The Response,/title/tt1662540/?ref_=adv_li_tt
tt5321356,In Search of Life,/title/tt5321356/?ref_=adv_li_tt
tt2304475,Akkad Bakkad Bam Be Bo,/title/tt2304475/?ref_=adv_li_tt
tt4355892,Mumbai Can Dance Saalaa,/title/tt4355892/?ref_=adv_li_tt
tt3121618,Zindagi Jalebi,/title/tt3121618/?ref_=adv_li_tt
tt1630282,Sahi Dhandhe Galat Bande,/title/tt1630282/?ref_=adv_li_tt
tt8085616,Shohrat the Trap,/title/tt8085616/?ref_=adv_li_tt
tt4567602,Jai Ho! Democracy,/title/tt4567602/?ref_=adv_li_tt
tt5776918,18.11,/title/tt5776918/?ref_=adv_li_tt
tt6126376,Rang-E-Ishq,/title/tt6126376/?ref_=adv_li_tt
tt5180120,Nandita Das and Divya Jagdale's Between the Lines,/title/tt5180120/?ref_=adv_li_tt
tt2922076,Veera Parampare,/title/tt2922076/?ref_=adv_li_tt
tt4572294,Three Atrangi Jai-Veeru-Gabbar,/title/tt4572294/?ref_=adv_li_tt
tt3363402,The Lastbenchers,/title/tt3363402/?ref_=adv_li_tt
tt3451716,Ritu,/title/tt3451716/?ref_=adv_li_tt
tt6500444,I Am Not Devdas,/title/tt6500444/?ref_=adv_li_tt
tt3184756,Maanikya,/title/tt3184756/?ref_=adv_li_tt
tt6232408,Gang of Littles,/title/tt6232408/?ref_=adv_li_tt
tt5021968,Chinar Daastaan-E-Ishq,/title/tt5021968/?ref_=adv_li_tt
tt3169676,Meinu Ek Ladki Chaahiye,/title/tt3169676/?ref_=adv_li_tt
tt3169704,Raqt,/title/tt3169704/?ref_=adv_li_tt
tt5493738,Music Meri Jaan,/title/tt5493738/?ref_=adv_li_tt
tt8359858,Racket,/title/tt8359858/?ref_=adv_li_tt
tt3477498,Masala Republic,/title/tt3477498/?ref_=adv_li_tt
tt6181576,Chakallaspur,/title/tt6181576/?ref_=adv_li_tt
tt8028076,X Ray: The Inner Image,/title/tt8028076/?ref_=adv_li_tt
tt2473432,Baga Beach,/title/tt2473432/?ref_=adv_li_tt
tt7362388,City of Dark,/title/tt7362388/?ref_=adv_li_tt
tt3239126,To B or Not to B,/title/tt3239126/?ref_=adv_li_tt
tt1465488,Happy Husbands,/title/tt1465488/?ref_=adv_li_tt
tt2488232,Dreamz: The Movie,/title/tt2488232/?ref_=adv_li_tt
tt6232448,Paranormal: Based on True Events,/title/tt6232448/?ref_=adv_li_tt
tt2078757,Tum Ho Yaara,/title/tt2078757/?ref_=adv_li_tt
tt7559200,My Friend's Dulhania,/title/tt7559200/?ref_=adv_li_tt
tt7283050,Ticket to Bollywood,/title/tt7283050/?ref_=adv_li_tt
tt7681514,Ferrous,/title/tt7681514/?ref_=adv_li_tt
tt1756673,Pehla Sitara,/title/tt1756673/?ref_=adv_li_tt
tt3585456,19th January,/title/tt3585456/?ref_=adv_li_tt
tt2496488,Love You Krishna,/title/tt2496488/?ref_=adv_li_tt
tt5436698,Kashmir Daily,/title/tt5436698/?ref_=adv_li_tt
tt3801886,Pappu Ki Pugdandi,/title/tt3801886/?ref_=adv_li_tt
tt4846808,The Nincompoops Hindi Movie,/title/tt4846808/?ref_=adv_li_tt
tt7875580,Border Ties,/title/tt7875580/?ref_=adv_li_tt
tt5065688,Ranviir the Marshal,/title/tt5065688/?ref_=adv_li_tt
tt4454784,Teen Taal,/title/tt4454784/?ref_=adv_li_tt
tt6392832,Paradiso,/title/tt6392832/?ref_=adv_li_tt
tt5906418,Welcome M1LL10NS,/title/tt5906418/?ref_=adv_li_tt
tt7972000,Junko,/title/tt7972000/?ref_=adv_li_tt
tt2073038,Na Jaane Kabse,/title/tt2073038/?ref_=adv_li_tt
tt7647774,Ek Betuke Aadmi Ki Afrah Raatein,/title/tt7647774/?ref_=adv_li_tt
tt4662530,Ishq Ka Manjan,/title/tt4662530/?ref_=adv_li_tt
tt4887226,Bewajah,/title/tt4887226/?ref_=adv_li_tt
tt3780532,Bhadaas,/title/tt3780532/?ref_=adv_li_tt
tt2589600,Mere Haule Dost,/title/tt2589600/?ref_=adv_li_tt
tt1885203,Baromas,/title/tt1885203/?ref_=adv_li_tt
tt7722184,Pakhi,/title/tt7722184/?ref_=adv_li_tt
tt1814619,Aashiqui.in,/title/tt1814619/?ref_=adv_li_tt
tt6363184,Lala Hardaul,/title/tt6363184/?ref_=adv_li_tt
tt8017136,Tony,/title/tt8017136/?ref_=adv_li_tt
tt5797102,Desert Tears,/title/tt5797102/?ref_=adv_li_tt
tt6923514,Dilli Gang,/title/tt6923514/?ref_=adv_li_tt
tt6651098,Online Gurukul,/title/tt6651098/?ref_=adv_li_tt
tt6961914,Back to Dad,/title/tt6961914/?ref_=adv_li_tt
tt7705476,10 Nahi 40,/title/tt7705476/?ref_=adv_li_tt
tt0847735,Fauj Mein Mauj,/title/tt0847735/?ref_=adv_li_tt
tt3498078,Ebn-e-Batuta,/title/tt3498078/?ref_=adv_li_tt
tt3580552,Tera Mera Tedha Medha,/title/tt3580552/?ref_=adv_li_tt
tt1893409,Ye Stupid Pyar,/title/tt1893409/?ref_=adv_li_tt
tt5087804,Flying Colors,/title/tt5087804/?ref_=adv_li_tt
tt7314994,Mmirsa,/title/tt7314994/?ref_=adv_li_tt
tt2004172,Bijuka,/title/tt2004172/?ref_=adv_li_tt
tt8302394,Shehjar,/title/tt8302394/?ref_=adv_li_tt
tt5286134,BTC,/title/tt5286134/?ref_=adv_li_tt
tt6033018,Azaab,/title/tt6033018/?ref_=adv_li_tt
tt2613458,Khoya,/title/tt2613458/?ref_=adv_li_tt
tt8292768,Night Encounters,/title/tt8292768/?ref_=adv_li_tt
tt4977230,The Magic Circle,/title/tt4977230/?ref_=adv_li_tt
tt5116464,Ek tha Bhujang,/title/tt5116464/?ref_=adv_li_tt
tt2224282,Delhi Eye,/title/tt2224282/?ref_=adv_li_tt
tt2206094,Sonchidi,/title/tt2206094/?ref_=adv_li_tt
tt4125324,@Andheri,/title/tt4125324/?ref_=adv_li_tt
tt2261925,One More...,/title/tt2261925/?ref_=adv_li_tt
tt6493322,Sai v/s I,/title/tt6493322/?ref_=adv_li_tt
tt2807440,Away,/title/tt2807440/?ref_=adv_li_tt
tt5896666,Kalichaat,/title/tt5896666/?ref_=adv_li_tt
tt6728472,The Guilty Misfits,/title/tt6728472/?ref_=adv_li_tt
tt3226102,Mutthi Bhar Sapne,/title/tt3226102/?ref_=adv_li_tt
tt6030678,Tezaab,/title/tt6030678/?ref_=adv_li_tt
tt1874505,Galti Se Mistakke Ho Gayi,/title/tt1874505/?ref_=adv_li_tt
tt7503806,Sacramento River,/title/tt7503806/?ref_=adv_li_tt
tt7649558,Mridang,/title/tt7649558/?ref_=adv_li_tt
tt5247556,Love Alive,/title/tt5247556/?ref_=adv_li_tt
tt6890592,Bandit Queen-2,/title/tt6890592/?ref_=adv_li_tt
tt4446256,Umformung: The Transformation,/title/tt4446256/?ref_=adv_li_tt
tt0479807,Abhishapt,/title/tt0479807/?ref_=adv_li_tt
tt6219544,Pinti Ka Sabun,/title/tt6219544/?ref_=adv_li_tt
tt7827044,His Memoir,/title/tt7827044/?ref_=adv_li_tt
tt5000220,Mike: The Journey,/title/tt5000220/?ref_=adv_li_tt
tt2585654,Mere Genie Uncle,/title/tt2585654/?ref_=adv_li_tt
tt3701448,Kala Sach: The Black Truth,/title/tt3701448/?ref_=adv_li_tt
tt7025784,B for Bundelkhand,/title/tt7025784/?ref_=adv_li_tt
tt2202579,Stalker,/title/tt2202579/?ref_=adv_li_tt
tt4089580,This Weekend,/title/tt4089580/?ref_=adv_li_tt
tt3542186,G: A Dark Tale of Desires,/title/tt3542186/?ref_=adv_li_tt
tt7246746,Bhaiyyajaan,/title/tt7246746/?ref_=adv_li_tt
tt2073596,Kram,/title/tt2073596/?ref_=adv_li_tt
tt6273184,Atyachar Lekin Kab Tak,/title/tt6273184/?ref_=adv_li_tt
tt4961868,Angoori Bani Angaara,/title/tt4961868/?ref_=adv_li_tt
tt3459430,Supari - The Quest Begins Now,/title/tt3459430/?ref_=adv_li_tt
tt4766960,Lion of Gujarat,/title/tt4766960/?ref_=adv_li_tt
tt4670548,Subero Ghaam,/title/tt4670548/?ref_=adv_li_tt
tt6272856,Chaar Cutting,/title/tt6272856/?ref_=adv_li_tt
tt4458338,69 Opposites Attract,/title/tt4458338/?ref_=adv_li_tt
tt4616258,Dead Morning,/title/tt4616258/?ref_=adv_li_tt
tt6444570,Cutting Chai,/title/tt6444570/?ref_=adv_li_tt
tt8208034,Battlefield Enforcement,/title/tt8208034/?ref_=adv_li_tt
tt4331804,Laakhon Hain Yahan Dilwaley,/title/tt4331804/?ref_=adv_li_tt
tt6638530,Divia,/title/tt6638530/?ref_=adv_li_tt
tt7122054,Broken Point,/title/tt7122054/?ref_=adv_li_tt
tt2645934,Run Bhoomi Champs Don't Cry,/title/tt2645934/?ref_=adv_li_tt
tt3908834,Long Dark Road,/title/tt3908834/?ref_=adv_li_tt
tt6052806,Gutrun Gutargun,/title/tt6052806/?ref_=adv_li_tt
tt2450994,Pakauu,/title/tt2450994/?ref_=adv_li_tt
tt2605288,Pune tc,/title/tt2605288/?ref_=adv_li_tt
tt4384018,Confused @16,/title/tt4384018/?ref_=adv_li_tt
tt7687372,Door Bell,/title/tt7687372/?ref_=adv_li_tt
tt3728220,Kaand Black Scandal,/title/tt3728220/?ref_=adv_li_tt
tt1730767,The Idiotmaker's Gravity Tour,/title/tt1730767/?ref_=adv_li_tt
tt2327361,Kay Sera Sera,/title/tt2327361/?ref_=adv_li_tt
tt4772158,Utho Aur Laro,/title/tt4772158/?ref_=adv_li_tt
tt7219476,Gahan,/title/tt7219476/?ref_=adv_li_tt
tt5949094,Anubhuti: Taking the Legacy Forward,/title/tt5949094/?ref_=adv_li_tt
tt6458294,Laxman Gole,/title/tt6458294/?ref_=adv_li_tt
tt2639970,O.G.J.,/title/tt2639970/?ref_=adv_li_tt
tt4024284,Jai Singh Are Baap Re: Chapter 1,/title/tt4024284/?ref_=adv_li_tt
tt7317044,Qurbat,/title/tt7317044/?ref_=adv_li_tt
tt3524536,Akela the Alone,/title/tt3524536/?ref_=adv_li_tt
tt6950450,The Untold Story Aahinsa,/title/tt6950450/?ref_=adv_li_tt
tt1826581,4pm on the Court,/title/tt1826581/?ref_=adv_li_tt
tt2243308,Amphigori,/title/tt2243308/?ref_=adv_li_tt
tt8146652,Shri Laxminath Gosai,/title/tt8146652/?ref_=adv_li_tt
tt7128026,The Dream Job-50$aRupee,/title/tt7128026/?ref_=adv_li_tt
tt4123824,Pyar Se Dekho Zara,/title/tt4123824/?ref_=adv_li_tt
tt6984590,Bhumi,/title/tt6984590/?ref_=adv_li_tt
tt3311236,Calapor,/title/tt3311236/?ref_=adv_li_tt
tt7317058,Mahwari,/title/tt7317058/?ref_=adv_li_tt
tt7613932,Bhid Ja,/title/tt7613932/?ref_=adv_li_tt
tt3720302,Little Godfather,/title/tt3720302/?ref_=adv_li_tt
tt7120548,Tycoons,/title/tt7120548/?ref_=adv_li_tt
tt2421260,The Bankrupts,/title/tt2421260/?ref_=adv_li_tt
tt3375154,Mangalashtak Once More,/title/tt3375154/?ref_=adv_li_tt
tt2949392,Vat Lag Gayi Salim Ki,/title/tt2949392/?ref_=adv_li_tt
tt3396080,Diary Of an Overly Reactive Middle Aged Teenager,/title/tt3396080/?ref_=adv_li_tt
tt2713722,Naseman,/title/tt2713722/?ref_=adv_li_tt
tt7509968,Red Bluff,/title/tt7509968/?ref_=adv_li_tt
tt4597384,Rising of Sarpanch,/title/tt4597384/?ref_=adv_li_tt
tt6457864,You Are Right Mr Positive +,/title/tt6457864/?ref_=adv_li_tt
tt8372636,7th Villa,/title/tt8372636/?ref_=adv_li_tt
tt6041648,Shikkast,/title/tt6041648/?ref_=adv_li_tt
tt4954590,Extra Or Extraordinary,/title/tt4954590/?ref_=adv_li_tt
tt7762320,Black & White,/title/tt7762320/?ref_=adv_li_tt
tt3325636,Akath Kahani,/title/tt3325636/?ref_=adv_li_tt
tt6151032,The Intruding Seed: Forsaken Juvenile,/title/tt6151032/?ref_=adv_li_tt
tt7120598,Tycoons: The Scam Story,/title/tt7120598/?ref_=adv_li_tt
tt2592030,Nothing Unusual,/title/tt2592030/?ref_=adv_li_tt
